﻿名称,类型,重要程度,描述,链接,状态,标签,添加日期
算法设计与分析基础,电子书,高,使用Python和Java双语言讲解基础算法设计思想和分析方法,,未开始,"教程, 算法",2025年4月16日
Python计算及编程基础教程,课程,高,适合零基础学习者的Python入门教程，涵盖基本语法、数据类型和控制结构,,未开始,"教程, 文档",2025年4月16日
Java面向对象编程实践,文章,中,详细讲解Java面向对象的核心概念和实践案例,,未开始,"教程, 文档",2025年4月15日
JavaScript基础语法教程,课程,中,从零开始学习JavaScript语言基础，包含大量交互式练习,,未开始,"前端, 教程",2025年4月15日
C++数据结构入门,视频,高,通过实例讲解C++中常用数据结构的实现和应用,,未开始,"教程, 算法",2025年4月14日