﻿名称,描述,标签,添加日期,状态,类型,编程语言,课堂笔记,重要程度,链接,难度等级
算法设计与分析基础,使用Python和Java双语言讲解基础算法设计思想和分析方法,"教程, 算法",2025年4月16日,未开始,电子书,"Java, Python",算法复杂度分析与时间效率 (%E8%AF%BE%E5%A0%82%E7%AC%94%E8%AE%B0/%E7%AE%97%E6%B3%95%E5%A4%8D%E6%9D%82%E5%BA%A6%E5%88%86%E6%9E%90%E4%B8%8E%E6%97%B6%E9%97%B4%E6%95%88%E7%8E%87%202b765c6c735f81ac99a2f60331e7e384.md),高,,进阶
Java面向对象编程实践,详细讲解Java面向对象的核心概念和实践案例,"教程, 文档",2025年4月15日,未开始,文章,Java,,中,,基础
Python计算及编程基础教程,适合零基础学习者的Python入门教程，涵盖基本语法、数据类型和控制结构,"教程, 文档",2025年4月16日,未开始,课程,Python,程序设计结构 (%E8%AF%BE%E5%A0%82%E7%AC%94%E8%AE%B0/%E7%A8%8B%E5%BA%8F%E8%AE%BE%E8%AE%A1%E7%BB%93%E6%9E%84%202b765c6c735f8191ba24d4f8b5c934ad.md),高,,入门
JavaScript基础语法教程,从零开始学习JavaScript语言基础，包含大量交互式练习,"前端, 教程",2025年4月15日,未开始,课程,JavaScript,,中,,入门
C++数据结构入门,通过实例讲解C++中常用数据结构的实现和应用,"教程, 算法",2025年4月14日,未开始,视频,C++,,高,,基础